TARGET_CLASS,configuration_id,criterion,ctg_min_time_per_job,ctg_schedule,search_budget,p_object_pool,ctg_time_per_class,Size,Length,Total_Time,Random_Seed,LineCoverage,LineCoverageBitString,BranchCoverage,BranchCoverageBitString,ExceptionCoverage,ExceptionCoverageBitString,Explicit_MethodExceptions,Explicit_TypeExceptions,Implicit_MethodExceptions,Implicit_TypeExceptions,WeakMutationScore,WeakMutationCoverageBitString,OutputCoverage,OutputCoverageBitString,MethodCoverage,MethodCoverageBitString,MethodNoExceptionCoverage,MethodNoExceptionCoverageBitString,CBranchCoverage,CBranchCoverageBitString
Parse,default,LINE;BRANCH;EXCEPTION;WEAKMUTATION;OUTPUT;METHOD;METHODNOEXCEPTION;CBRANCH,1,BUDGET,110,0.3,2,35,129,145838,1611609008509,0.34299516908212563,111111111111111100000111100000110000000000000000000000000000000000000000000000000000000001111111101110000000000000000000001111111100000000000011111000000000000011111111001111000000111000001111000000000111111,0.21212121212121213,111111111111111111000000000000000000000000000000000000000000000100000100000100000000000000000000000,1.0,1111111111111111111111,0,0,22,2,0.09417040358744394,11100000000000000000000000000000000000000000000000000000001111111110000000000000000000000000000000000000011100000000000000000000000000000000011111110000000000000000000000000000000000000000000000000000000000000000000000000000001110000000000000000000000000000000000000000000000000000000000000000000000000000000000000000000000000000111111100000000000000000000000000000000000000000000000000000000000001111111000000000000010000100001000000000000000000,0.05982905982905983,101001001001001000000000000000000000000000000000000000000000100000000000000000000000000000000000000000000000000000000,1.0,111111111111111111111,0.7142857142857143,111111111111001000011,0.21212121212121213,111111111111111111000000000000000000000000000000000000000000000100000100000100000000000000000000000
