TARGET_CLASS,configuration_id,criterion,ctg_min_time_per_job,ctg_schedule,search_budget,p_object_pool,ctg_time_per_class,Size,Length,Total_Time,Random_Seed,LineCoverage,LineCoverageBitString,BranchCoverage,BranchCoverageBitString,ExceptionCoverage,ExceptionCoverageBitString,Explicit_MethodExceptions,Explicit_TypeExceptions,Implicit_MethodExceptions,Implicit_TypeExceptions,WeakMutationScore,WeakMutationCoverageBitString,OutputCoverage,OutputCoverageBitString,MethodCoverage,MethodCoverageBitString,MethodNoExceptionCoverage,MethodNoExceptionCoverageBitString,CBranchCoverage,CBranchCoverageBitString
MVC.Models.Model,default,LINE;BRANCH;EXCEPTION;WEAKMUTATION;OUTPUT;METHOD;METHODNOEXCEPTION;CBRANCH,1,BUDGET,179,0.3,2,64,160,247236,1611608270061,0.6713615023474179,111111111111111111111111111111111111111111111111111111101000111111111000000000100000011111111111110000110011111111110001100011111111110011111111111111111111011000111110100110111111100000000000000000110000000000001,0.6260162601626016,111111111101110000010001101110101100010101000000000100000001111111010001110111111110111110111111101111111011111011101100111,1.0,11111111111111111111111111,0,0,14,2,0.6772046589018302,1000000000000000011100000000000000111101111111111111100111111111111111111111111111111111111111000001101000000010100000011110000000000000000000000000000000000000000000000000000000000000011000000000000000000000000000000000000000000000000111111111111111111111111101001111111011000011111111110100111111111111111111111111111111111111111100111111111111111111111111111110011111111111111111111111111111111111111111111111111111001111111111111111111111111111111111111111111111111111111111111111111111111111111111110011111111111111111110000011111111111110011111111111111111111111111111111111111111111110000011111,0.26666666666666666,010010100100101000000000000110000000010100100100100100101101100100100000000000000001110000,1.0,1111111111111111111111111111,0.7142857142857143,1111110011010111111111001100,0.6260162601626016,111111111110110000010001101111001010010100100000000010000001111111001001110111111111110111101111111101111110111110110011011
