TARGET_CLASS,configuration_id,criterion,ctg_min_time_per_job,ctg_schedule,search_budget,p_object_pool,ctg_time_per_class,Size,Length,Total_Time,Random_Seed,LineCoverage,LineCoverageBitString,BranchCoverage,BranchCoverageBitString,ExceptionCoverage,ExceptionCoverageBitString,Explicit_MethodExceptions,Explicit_TypeExceptions,Implicit_MethodExceptions,Implicit_TypeExceptions,WeakMutationScore,WeakMutationCoverageBitString,OutputCoverage,OutputCoverageBitString,MethodCoverage,MethodCoverageBitString,MethodNoExceptionCoverage,MethodNoExceptionCoverageBitString,CBranchCoverage,CBranchCoverageBitString
Parser,default,LINE;BRANCH;EXCEPTION;WEAKMUTATION;OUTPUT;METHOD;METHODNOEXCEPTION;CBRANCH,1,BUDGET,110,0.3,2,21,43,139156,1611607792555,0.2868217054263566,111011100000000000000000000000111111100000000000111111000000000000000000000000000000000011111111000000011111000000111110000000000,0.1568627450980392,111111110000000000000000000000000000000000000000000,1.0,11111111111111111,0,0,17,3,0.13846153846153847,1100000000000000000000000000000000000000000000000000000000111111110000000000000000000000111111110000000000000000000000000000001111111100000000000000000000000000000000000000000000000000000000000111111110000000000000000000000000000000000000001111111000000000000000000000000000000000000000000000000000000000000000000000000001111,0.05970149253731343,0100100000000000000000000000000000000000000011000000000000000000000,1.0,111111111,0.4444444444444444,111001000,0.1568627450980392,111111101000000000000000000000000000000000000000000
