{"Products":["p28","p78","p25","p61","p71","p5","p64","p67","p30","p12","p20","p70","p21","p74","p37","p49","p4","p3","p32","p13","p50","p40","p55","p2","p7","p65","p62","p6","p80","p41","p16","p53","p79","p52","p15","p38","p36","p48","p24","p9","p63","p56","p72","p60","p19","p75","p68","p29","p14","p45","p34","p73","p22","p17","p66","p42","p46","p47","p23","p54","p76","p35","p51","p10","p69","p43","p31","p59","p1","p33","p77","p11","p27","p57","p8","p26","p44"],"AvgServiceTime":2,"Latitude":39.627502,"Code":"l16","Longitude":33.60112,"Queue":1,"Name":"Aldo"}
{"Products":["p71","p15","p25","p50","p54","p62","p9","p65","p61","p26","p17","p27","p70","p19","p20","p4","p80","p34","p52","p79","p32","p35","p37","p28","p6","p33","p40","p14","p16","p72","p64","p78","p66","p49","p45","p41","p24","p46","p11","p36","p73","p30","p12","p51","p10","p59","p55","p74","p76","p57","p68","p48","p8","p43","p42","p67","p63","p31","p47","p53","p13","p2","p60","p21","p1","p5","p77","p38","p23","p29","p22","p3","p7","p44","p75","p69","p56"],"AvgServiceTime":2,"Latitude":39.627502,"Code":"l49","Longitude":33.60112,"Queue":1,"Name":"Prof"}
{"Products":["p66","p24","p22","p19","p30","p54","p65","p21","p78","p9","p71","p25","p17","p41","p55","p46","p70","p74","p13","p61","p40","p12","p28","p69","p16","p76","p34","p60","p73","p7","p44","p15","p63","p52","p77","p11","p20","p37","p5","p8","p23","p10","p6","p53","p27","p79","p64","p1","p32","p47","p42","p80","p35","p75","p50","p33","p14","p51","p68","p38","p2","p36","p62","p43","p67","p45","p56","p48","p29","p72","p3","p4","p57","p26","p31","p59","p49"],"AvgServiceTime":2,"Latitude":39.627502,"Code":"l29","Longitude":33.60112,"Queue":1,"Name":"TV e Telecomunicações"}
{"Products":["p4","p6","p78","p33","p34","p3","p77","p68","p8","p17","p1","p32","p10","p48","p25","p14","p55","p44","p26","p40","p65","p71","p36","p9","p64","p46","p61","p79","p21","p51","p49","p53","p42","p63","p59","p60","p20","p43","p74","p56","p57","p2","p30","p29","p22","p11","p67","p52","p28","p24","p35","p45","p80","p15","p66","p31","p23","p62","p69","p47","p75","p38","p12","p73","p16","p37","p5","p76","p13","p72","p70","p27","p19","p7","p54","p41","p50"],"AvgServiceTime":2,"Latitude":95.71132,"Code":"l83","Longitude":-57.792557,"Queue":1,"Name":"ColchaoNet.com"}
{"Products":["p5","p16","p64","p12","p43","p59","p27","p56","p44","p7","p76","p38","p26","p21","p52","p15","p47","p9","p10","p6","p24","p28","p41","p53","p8","p70","p20","p57","p48","p62","p40","p32","p11","p37","p74","p69","p23","p50","p61","p49","p78","p46","p65","p54","p80","p33","p4","p72","p77","p1","p13","p19","p66","p67","p51","p71","p79","p3","p2","p60","p17","p34","p29","p25","p42","p55","p35","p30","p31","p14","p36","p75","p68","p45","p63","p73","p22"],"AvgServiceTime":2,"Latitude":39.627502,"Code":"l54","Longitude":33.60112,"Queue":1,"Name":"Bershka"}
{"Products":["p66","p16","p17","p54","p50","p59","p44","p12","p29","p55","p78","p3","p6","p8","p26","p41","p49","p71","p74","p7","p34","p52","p70","p24","p30","p76","p36","p60","p15","p53","p40","p63","p27","p28","p4","p9","p14","p10","p47","p67","p11","p65","p42","p5","p35","p38","p45","p75","p69","p25","p31","p48","p21","p19","p73","p46","p13","p33","p23","p22","p57","p61","p32","p80","p1","p62","p37","p2","p43","p77","p79","p68","p64","p72","p20","p51","p56"],"AvgServiceTime":2,"Latitude":39.627502,"Code":"l75","Longitude":33.60112,"Queue":1,"Name":"Pingo Doce"}
{"Products":["p17","p50","p75","p2","p33","p54","p26","p59","p34","p43","p67","p46","p40","p11","p29","p74","p16","p45","p72","p7","p80","p21","p41","p37","p3","p31","p76","p65","p36","p1","p49","p25","p15","p23","p60","p78","p24","p79","p42","p69","p20","p63","p38","p66","p47","p61","p6","p62","p32","p8","p51","p19","p44","p30","p10","p48","p27","p28","p77","p35","p68","p52","p56","p14","p5","p70","p64","p53","p57","p12","p71","p22","p73","p55","p9","p13","p4"],"AvgServiceTime":2,"Latitude":57.339508,"Code":"l8","Longitude":-86.066315,"Queue":1,"Name":"Punt Roma"}
{"Products":["p35","p14","p65","p60","p61","p48","p64","p66","p12","p75","p19","p54","p20","p68","p4","p25","p33","p26","p22","p51","p79","p1","p45","p59","p73","p13","p15","p9","p37","p17","p56","p78","p80","p30","p24","p55","p52","p77","p34","p67","p28","p32","p50","p6","p74","p10","p69","p49","p27","p5","p42","p46","p53","p40","p21","p57","p31","p29","p2","p38","p47","p62","p11","p70","p43","p71","p63","p36","p23","p76","p7","p41","p72","p8","p44","p16","p3"],"AvgServiceTime":2,"Latitude":78.73474,"Code":"l58","Longitude":66.239685,"Queue":1,"Name":"Primark"}
{"Products":["p62","p75","p34","p38","p26","p57","p53","p66","p50","p64","p15","p21","p6","p45","p67","p33","p65","p19","p20","p77","p60","p79","p76","p48","p51","p72","p56","p63","p46","p41","p22","p13","p29","p55","p12","p7","p27","p52","p24","p78","p14","p37","p68","p35","p70","p1","p74","p5","p25","p11","p73","p23","p30","p40","p71","p3","p69","p17","p47","p42","p61","p31","p49","p9","p36","p32","p2","p43","p16","p8","p59","p28","p10","p54","p4","p44","p80"],"AvgServiceTime":2,"Latitude":39.627502,"Code":"l57","Longitude":33.60112,"Queue":1,"Name":"Centroxogo"}
{"Products":["p63","p59","p71","p30","p75","p33","p47","p37","p78","p9","p26","p44","p12","p62","p31","p38","p40","p5","p50","p57","p32","p28","p22","p61","p76","p19","p52","p23","p10","p69","p27","p73","p46","p49","p74","p65","p66","p48","p60","p79","p72","p20","p24","p53","p56","p13","p42","p3","p34","p51","p16","p17","p70","p67","p68","p54","p29","p25","p43","p45","p14","p36","p4","p21","p8","p15","p35","p77","p41","p1","p11","p6","p80","p7","p55","p2","p64"],"AvgServiceTime":2,"Latitude":-27.339592,"Code":"l13","Longitude":-54.781532,"Queue":1,"Name":"LA Kids & Junior"}
