TARGET_CLASS,configuration_id,criterion,ctg_min_time_per_job,ctg_schedule,search_budget,p_object_pool,ctg_time_per_class,Size,Length,Total_Time,Random_Seed,LineCoverage,LineCoverageBitString,BranchCoverage,BranchCoverageBitString,ExceptionCoverage,ExceptionCoverageBitString,Explicit_MethodExceptions,Explicit_TypeExceptions,Implicit_MethodExceptions,Implicit_TypeExceptions,WeakMutationScore,WeakMutationCoverageBitString,OutputCoverage,OutputCoverageBitString,MethodCoverage,MethodCoverageBitString,MethodNoExceptionCoverage,MethodNoExceptionCoverageBitString,CBranchCoverage,CBranchCoverageBitString
BDTransportes,default,LINE;BRANCH;EXCEPTION;WEAKMUTATION;OUTPUT;METHOD;METHODNOEXCEPTION;CBRANCH,1,BUDGET,98,0.3,2,52,997,152669,1611609023210,0.9056603773584906,1111111111111111111111111111111111111111100011111111110001111111111111111111111110111111110111110011111111,0.810126582278481,1111111111111111111111110111011111111010110011111111000011111111011111110001110,1.0,11111111111111,0,0,12,1,0.4645161290322581,11111111111011110110100111110100111111111101111100110011000000000000000000000000000000001111011101100000000000000000000000000000001110111011111011101101111,0.23893805309734514,10000000000000000000000000000000001111101111011010011011001001011001001001001001000000000000000000000000000000001,1.0,111111111111111111111111,0.9583333333333334,111110111111111111111111,0.810126582278481,1111111111111111111111101110111111111100101101110110011011111110111010111011110
