TARGET_CLASS,configuration_id,criterion,ctg_min_time_per_job,ctg_schedule,search_budget,p_object_pool,ctg_time_per_class,Size,Length,Total_Time,Random_Seed,LineCoverage,LineCoverageBitString,BranchCoverage,BranchCoverageBitString,ExceptionCoverage,ExceptionCoverageBitString,Explicit_MethodExceptions,Explicit_TypeExceptions,Implicit_MethodExceptions,Implicit_TypeExceptions,WeakMutationScore,WeakMutationCoverageBitString,OutputCoverage,OutputCoverageBitString,MethodCoverage,MethodCoverageBitString,MethodNoExceptionCoverage,MethodNoExceptionCoverageBitString,CBranchCoverage,CBranchCoverageBitString
Loja,default,LINE;BRANCH;EXCEPTION;WEAKMUTATION;OUTPUT;METHOD;METHODNOEXCEPTION;CBRANCH,1,BUDGET,62,0.3,2,51,706,94289,1611609212471,1.0,11111111111111111111111111111111111111111111111111111111111111111111111111111111111111,0.9795918367346939,1111111111111111111111111111111011111111111111111,1.0,11111111,0,0,7,1,0.9397590361445783,11111111111111111111100111111111111111111111111111111111111111110111111110111111101,0.8421052631578947,111111111111011111011111111110010110110111111111111111010,1.0,1111111111111111111111111,1.0,1111111111111111111111111,0.9795918367346939,1111111111111111111111111111111011111111111111111
