TARGET_CLASS,configuration_id,criterion,ctg_min_time_per_job,ctg_schedule,search_budget,p_object_pool,ctg_time_per_class,Size,Length,Total_Time,Random_Seed,LineCoverage,LineCoverageBitString,BranchCoverage,BranchCoverageBitString,ExceptionCoverage,ExceptionCoverageBitString,Explicit_MethodExceptions,Explicit_TypeExceptions,Implicit_MethodExceptions,Implicit_TypeExceptions,WeakMutationScore,WeakMutationCoverageBitString,OutputCoverage,OutputCoverageBitString,MethodCoverage,MethodCoverageBitString,MethodNoExceptionCoverage,MethodNoExceptionCoverageBitString,CBranchCoverage,CBranchCoverageBitString
MVC.Models.Parse,default,LINE;BRANCH;EXCEPTION;WEAKMUTATION;OUTPUT;METHOD;METHODNOEXCEPTION;CBRANCH,1,BUDGET,95,0.3,2,15,37,118281,1611608269756,0.36,111011100000000000000000000000000111110000000001111001111000001111001111000,0.1346153846153846,1111111000000000000000000000000000000000000000000000,1.0,1111111111111,0,0,13,3,0.1471698113207547,1110000000000000000000000000000000000000000000000000000000011111110000000000000111111100000000000000000000000111111100000000000001111111000000000000000000000000000000000000000000000111111100000000000000000000000000000000000000000000000000000000000000000000000000001,0.03278688524590164,0100100000000000000000000000000000000000000000000000000000000,1.0,11111111,0.375,11100000,0.1346153846153846,1111110100000000000000000000000000000000000000000000
