TARGET_CLASS,configuration_id,criterion,ctg_min_time_per_job,ctg_schedule,search_budget,p_object_pool,ctg_time_per_class,Size,Length,Total_Time,Random_Seed,LineCoverage,LineCoverageBitString,BranchCoverage,BranchCoverageBitString,ExceptionCoverage,ExceptionCoverageBitString,Explicit_MethodExceptions,Explicit_TypeExceptions,Implicit_MethodExceptions,Implicit_TypeExceptions,WeakMutationScore,WeakMutationCoverageBitString,OutputCoverage,OutputCoverageBitString,MethodCoverage,MethodCoverageBitString,MethodNoExceptionCoverage,MethodNoExceptionCoverageBitString,CBranchCoverage,CBranchCoverageBitString
BDVoluntarios,default,LINE;BRANCH;EXCEPTION;WEAKMUTATION;OUTPUT;METHOD;METHODNOEXCEPTION;CBRANCH,1,BUDGET,92,0.3,2,55,977,142551,1611609068709,0.9801980198019802,11111111111111111111111111111111111111111111111111111111111111111111111111111111101111111111111111011,0.7945205479452054,1111111111111111111111111111111111111100000111000000011111101111111101110,1.0,1111111111111,0,0,11,1,0.7352941176470589,111101111110111101111011111011011111111101111111110000000111000000001111110111110101111110111111111101,0.5,1000000000000000000000000000111111111011011001011011011011001011111100111101101111101111010010110110010010,1.0,1111111111111111111111111,0.96,1111101111111111111111111,0.7945205479452054,1111111111111111111111111111111111111010000110100000011111110111111011101
