TARGET_CLASS,configuration_id,criterion,ctg_min_time_per_job,ctg_schedule,search_budget,p_object_pool,ctg_time_per_class,Size,Length,Total_Time,Random_Seed,LineCoverage,LineCoverageBitString,BranchCoverage,BranchCoverageBitString,ExceptionCoverage,ExceptionCoverageBitString,Explicit_MethodExceptions,Explicit_TypeExceptions,Implicit_MethodExceptions,Implicit_TypeExceptions,WeakMutationScore,WeakMutationCoverageBitString,OutputCoverage,OutputCoverageBitString,MethodCoverage,MethodCoverageBitString,MethodNoExceptionCoverage,MethodNoExceptionCoverageBitString,CBranchCoverage,CBranchCoverageBitString
Voluntario,default,LINE;BRANCH;EXCEPTION;WEAKMUTATION;OUTPUT;METHOD;METHODNOEXCEPTION;CBRANCH,1,BUDGET,113,0.3,2,102,1650,191451,1611609008903,0.9949748743718593,1111111111111111111111111111111111111111111101111111111111111111111111111111111111111111111111111111111111111111111111111111111111111111111111111111111111111111111111111111111111111111111111111111111,0.9658119658119658,111111111111111111111111111111111111111111111011111111111111111111111111111111111111111111111111101111111111111110101,1.0,111111111111,0,0,11,1,0.9169960474308301,1111111111111111111111111111111111111111111111111011111111111111111111111111111111111111111111111011101111110111111101111111011111111110111111111110111101111111110111110111111111111111111111111111111111111111111111111110111111111100111111111001111100000,0.7719298245614035,110111111111111111111111111111011111111111111110101100101011011001011111111111010111010111111011011100011001011010,1.0,1111111111111111111111111111111111111111111111,1.0,1111111111111111111111111111111111111111111111,0.9658119658119658,111111111111111111111111111111111111111111111011111111111111111111111111111111111111111111111111011111111111111110011
